Product Link,Product Name,Price
https://www.flipkart.com/samsung-galaxy-s23-5g-cream-128-gb/p/itmc77ff94cdf044?pid=MOBGMFFX5XYE8MZN&lid=LSTMOBGMFFX5XYE8MZNRGKCA5&marketplace=FLIPKART&q=mobile+phones+&store=tyy%2F4io&spotlightTagId=BestsellerId_tyy%2F4io&srno=s_1_1&otracker=search&otracker1=search&fm=Search&iid=f3bc2f65-7f78-425d-9501-514cea72c6cd.MOBGMFFX5XYE8MZN.SEARCH&ppt=sp&ppn=sp&ssid=3bvr75hykw0000001729314945585&qH=f696c2fbb0b173a0,"SAMSUNG Galaxy S23 5G (Cream, 128 GB)",39999.0
https://www.flipkart.com/samsung-galaxy-s23-5g-green-128-gb/p/itm7cdd081996dc8?pid=MOBGNPGYWGZAUZGK&lid=LSTMOBGNPGYWGZAUZGKLQSOT0&marketplace=FLIPKART&q=mobile+phones+&store=tyy%2F4io&spotlightTagId=BestsellerId_tyy%2F4io&srno=s_1_3&otracker=search&otracker1=search&fm=Search&iid=f3bc2f65-7f78-425d-9501-514cea72c6cd.MOBGNPGYWGZAUZGK.SEARCH&ppt=sp&ppn=sp&ssid=3bvr75hykw0000001729314945585&qH=f696c2fbb0b173a0,"SAMSUNG Galaxy S23 5G (Green, 128 GB)",39999.0
https://www.flipkart.com/samsung-galaxy-s23-fe-mint-128-gb/p/itmfde87b854d383?pid=MOBGVTA2GRVRXVFR&lid=LSTMOBGVTA2GRVRXVFRPT6FPX&marketplace=FLIPKART&q=mobile+phones+&store=tyy%2F4io&spotlightTagId=BestsellerId_tyy%2F4io&srno=s_1_4&otracker=search&otracker1=search&fm=Search&iid=f3bc2f65-7f78-425d-9501-514cea72c6cd.MOBGVTA2GRVRXVFR.SEARCH&ppt=sp&ppn=sp&ssid=3bvr75hykw0000001729314945585&qH=f696c2fbb0b173a0,"SAMSUNG Galaxy S23 FE (Mint, 128 GB)",31999.0
https://www.flipkart.com/samsung-galaxy-s23-fe-mint-256-gb/p/itmdb72279972171?pid=MOBGVTA2R8ZH4G3C&lid=LSTMOBGVTA2R8ZH4G3C8XDOZH&marketplace=FLIPKART&q=mobile+phones+&store=tyy%2F4io&srno=s_1_5&otracker=search&otracker1=search&fm=Search&iid=f3bc2f65-7f78-425d-9501-514cea72c6cd.MOBGVTA2R8ZH4G3C.SEARCH&ppt=sp&ppn=sp&ssid=3bvr75hykw0000001729314945585&qH=f696c2fbb0b173a0,"SAMSUNG Galaxy S23 FE (Mint, 256 GB)",34999.0
https://www.flipkart.com/samsung-galaxy-s23-fe-graphite-128-gb/p/itme751066521899?pid=MOBGVTA2836DQWTT&lid=LSTMOBGVTA2836DQWTTISGIME&marketplace=FLIPKART&q=mobile+phones+&store=tyy%2F4io&srno=s_1_7&otracker=search&otracker1=search&fm=Search&iid=f3bc2f65-7f78-425d-9501-514cea72c6cd.MOBGVTA2836DQWTT.SEARCH&ppt=sp&ppn=sp&ssid=3bvr75hykw0000001729314945585&qH=f696c2fbb0b173a0,"SAMSUNG Galaxy S23 FE (Graphite, 128 GB)",31999.0
https://www.flipkart.com/samsung-galaxy-s23-fe-graphite-256-gb/p/itm3dd39c0d1ec9c?pid=MOBGVTA2GWPSR57X&lid=LSTMOBGVTA2GWPSR57XIIBGXC&marketplace=FLIPKART&q=mobile+phones+&store=tyy%2F4io&srno=s_1_9&otracker=search&otracker1=search&fm=Search&iid=f3bc2f65-7f78-425d-9501-514cea72c6cd.MOBGVTA2GWPSR57X.SEARCH&ppt=sp&ppn=sp&ssid=3bvr75hykw0000001729314945585&qH=f696c2fbb0b173a0,"SAMSUNG Galaxy S23 FE (Graphite, 256 GB)",34999.0
https://www.flipkart.com/samsung-galaxy-s23-5g-phantom-black-128-gb/p/itm1f3efe01d1c61?pid=MOBGNPGZVX4PCTTF&lid=LSTMOBGNPGZVX4PCTTFYWYWBL&marketplace=FLIPKART&q=mobile+phones+&store=tyy%2F4io&srno=s_1_10&otracker=search&otracker1=search&fm=Search&iid=f3bc2f65-7f78-425d-9501-514cea72c6cd.MOBGNPGZVX4PCTTF.SEARCH&ppt=sp&ppn=sp&ssid=3bvr75hykw0000001729314945585&qH=f696c2fbb0b173a0,"SAMSUNG Galaxy S23 5G (Phantom Black, 128 GB)",39999.0
https://www.flipkart.com/samsung-galaxy-s23-fe-purple-256-gb/p/itm8f6a49271bf21?pid=MOBGVTA2VGHCJFGG&lid=LSTMOBGVTA2VGHCJFGG1TC2LI&marketplace=FLIPKART&q=mobile+phones+&store=tyy%2F4io&srno=s_1_12&otracker=search&otracker1=search&fm=Search&iid=f3bc2f65-7f78-425d-9501-514cea72c6cd.MOBGVTA2VGHCJFGG.SEARCH&ppt=sp&ppn=sp&ssid=3bvr75hykw0000001729314945585&qH=f696c2fbb0b173a0,"SAMSUNG Galaxy S23 FE (Purple, 256 GB)",34999.0
https://www.flipkart.com/samsung-galaxy-s23-fe-purple-128-gb/p/itm03da6b42ff68e?pid=MOBGVTA24G7GHE6M&lid=LSTMOBGVTA24G7GHE6MN4I8LB&marketplace=FLIPKART&q=mobile+phones+&store=tyy%2F4io&srno=s_1_14&otracker=search&otracker1=search&fm=Search&iid=f3bc2f65-7f78-425d-9501-514cea72c6cd.MOBGVTA24G7GHE6M.SEARCH&ppt=sp&ppn=sp&ssid=3bvr75hykw0000001729314945585&qH=f696c2fbb0b173a0,"SAMSUNG Galaxy S23 FE (Purple, 128 GB)",31999.0
https://www.flipkart.com/samsung-galaxy-s23-5g-lavender-128-gb/p/itmd3e8445fc75c9?pid=MOBGNPGZFWUKKJGR&lid=LSTMOBGNPGZFWUKKJGRF0SBQA&marketplace=FLIPKART&q=mobile+phones+&store=tyy%2F4io&srno=s_1_15&otracker=search&otracker1=search&fm=Search&iid=f3bc2f65-7f78-425d-9501-514cea72c6cd.MOBGNPGZFWUKKJGR.SEARCH&ppt=sp&ppn=sp&ssid=3bvr75hykw0000001729314945585&qH=f696c2fbb0b173a0,"SAMSUNG Galaxy S23 5G (Lavender, 128 GB)",39999.0
https://www.flipkart.com/samsung-galaxy-m35-5g-daybreak-blue-128-gb/p/itm1a53e8f5191db?pid=MOBH2Y7HKCYDEHFZ&lid=LSTMOBH2Y7HKCYDEHFZZGRAHB&marketplace=FLIPKART&q=mobile+phones+&store=tyy%2F4io&srno=s_1_17&otracker=search&otracker1=search&fm=Search&iid=f3bc2f65-7f78-425d-9501-514cea72c6cd.MOBH2Y7HKCYDEHFZ.SEARCH&ppt=sp&ppn=sp&ssid=3bvr75hykw0000001729314945585&qH=f696c2fbb0b173a0,"SAMSUNG Galaxy M35 5G (DayBreak Blue, 128 GB)",22999.0
https://www.flipkart.com/samsung-galaxy-a54-5g-awesome-violet-128-gb/p/itm4bbcb0b5e1b2d?pid=MOBGNE4SRZG7HKW4&lid=LSTMOBGNE4SRZG7HKW4DFYGZ7&marketplace=FLIPKART&q=mobile+phones+&store=tyy%2F4io&srno=s_1_18&otracker=search&otracker1=search&fm=Search&iid=f3bc2f65-7f78-425d-9501-514cea72c6cd.MOBGNE4SRZG7HKW4.SEARCH&ppt=sp&ppn=sp&ssid=3bvr75hykw0000001729314945585&qH=f696c2fbb0b173a0,"SAMSUNG Galaxy A54 5G (Awesome Violet, 128 GB)",35499.0
https://www.flipkart.com/samsung-galaxy-m35-5g-daybreak-blue-256-gb/p/itm94360d23ec184?pid=MOBH2Z9ZNJKYDE4D&lid=LSTMOBH2Z9ZNJKYDE4DXMZIK4&marketplace=FLIPKART&q=mobile+phones+&store=tyy%2F4io&srno=s_1_19&otracker=search&otracker1=search&fm=Search&iid=f3bc2f65-7f78-425d-9501-514cea72c6cd.MOBH2Z9ZNJKYDE4D.SEARCH&ppt=sp&ppn=sp&ssid=3bvr75hykw0000001729314945585&qH=f696c2fbb0b173a0,"SAMSUNG Galaxy M35 5G (DayBreak Blue, 256 GB)",20969.0
https://www.flipkart.com/samsung-galaxy-s21-fe-5g-snapdragon-888-olive-256-gb/p/itmb3a0b1e650a0e?pid=MOBGSXD7TZZTJQXE&lid=LSTMOBGSXD7TZZTJQXEIEIQ47&marketplace=FLIPKART&q=mobile+phones+&store=tyy%2F4io&spotlightTagId=FkPickId_tyy%2F4io&srno=s_1_20&otracker=search&otracker1=search&fm=Search&iid=f3bc2f65-7f78-425d-9501-514cea72c6cd.MOBGSXD7TZZTJQXE.SEARCH&ppt=sp&ppn=sp&ssid=3bvr75hykw0000001729314945585&qH=f696c2fbb0b173a0,"Samsung Galaxy S21 FE 5G with Snapdragon 888 (Olive, 256 GB)",31999.0
https://www.flipkart.com/motorola-edge-50-fusion-marshmallow-blue-256-gb/p/itmdcb7e2baaaa91?pid=MOBGXTYZBAS4VM8K&lid=LSTMOBGXTYZBAS4VM8KYYUZ0I&marketplace=FLIPKART&q=mobile+phones+&store=tyy%2F4io&srno=s_1_1&otracker=search&otracker1=search&fm=Search&iid=32306ae9-82fa-45ae-b1cf-f2430ac430b2.MOBGXTYZBAS4VM8K.SEARCH&ppt=sp&ppn=sp&ssid=1xqzi1mpsw0000001729315003253&qH=f696c2fbb0b173a0,"Motorola Edge 50 Fusion (Marshmallow Blue, 256 GB)",24999.0
https://www.flipkart.com/motorola-edge-50-fusion-marshmallow-blue-128-gb/p/itmf88eea5799a27?pid=MOBGXTYZEZSZQE7W&lid=LSTMOBGXTYZEZSZQE7WIBXLBI&marketplace=FLIPKART&q=mobile+phones+&store=tyy%2F4io&srno=s_1_2&otracker=search&otracker1=search&fm=Search&iid=32306ae9-82fa-45ae-b1cf-f2430ac430b2.MOBGXTYZEZSZQE7W.SEARCH&ppt=sp&ppn=sp&ssid=1xqzi1mpsw0000001729315003253&qH=f696c2fbb0b173a0,"Motorola Edge 50 Fusion (Marshmallow Blue, 128 GB)",22999.0
https://www.flipkart.com/motorola-edge-50-fusion-forest-green-256-gb/p/itm372843264e10a?pid=MOBHYVFV3RNAGXF6&lid=LSTMOBHYVFV3RNAGXF6A8TQA2&marketplace=FLIPKART&q=mobile+phones+&store=tyy%2F4io&spotlightTagId=BestsellerId_tyy%2F4io&srno=s_1_3&otracker=search&otracker1=search&fm=Search&iid=32306ae9-82fa-45ae-b1cf-f2430ac430b2.MOBHYVFV3RNAGXF6.SEARCH&ppt=sp&ppn=sp&ssid=1xqzi1mpsw0000001729315003253&qH=f696c2fbb0b173a0,"Motorola Edge 50 Fusion (Forest Green, 256 GB)",24999.0
https://www.flipkart.com/motorola-edge-50-fusion-forest-blue-256-gb/p/itme13bbe694468e?pid=MOBGXTYZZEW8GZE6&lid=LSTMOBGXTYZZEW8GZE6HFCXI9&marketplace=FLIPKART&q=mobile+phones+&store=tyy%2F4io&srno=s_1_4&otracker=search&otracker1=search&fm=Search&iid=32306ae9-82fa-45ae-b1cf-f2430ac430b2.MOBGXTYZZEW8GZE6.SEARCH&ppt=sp&ppn=sp&ssid=1xqzi1mpsw0000001729315003253&qH=f696c2fbb0b173a0,"Motorola Edge 50 Fusion (Forest Blue, 256 GB)",24999.0
https://www.flipkart.com/motorola-edge-50-pro-5g-125w-charger-luxe-lavender-256-gb/p/itm3281f9ac32d1a?pid=MOBGXFXY2SBHGSVN&lid=LSTMOBGXFXY2SBHGSVNUNNNTJ&marketplace=FLIPKART&q=mobile+phones+&store=tyy%2F4io&spotlightTagId=BestsellerId_tyy%2F4io&srno=s_1_5&otracker=search&otracker1=search&fm=Search&iid=32306ae9-82fa-45ae-b1cf-f2430ac430b2.MOBGXFXY2SBHGSVN.SEARCH&ppt=sp&ppn=sp&ssid=1xqzi1mpsw0000001729315003253&qH=f696c2fbb0b173a0,"Motorola Edge 50 Pro 5G with 125W Charger (Luxe Lavender, 256 GB)",35999.0
https://www.flipkart.com/motorola-edge-50-fusion-hot-pink-256-gb/p/itm93d002e8a2eb1?pid=MOBGXTYZZBUPYFEC&lid=LSTMOBGXTYZZBUPYFECU3Q95H&marketplace=FLIPKART&q=mobile+phones+&store=tyy%2F4io&srno=s_1_6&otracker=search&otracker1=search&fm=Search&iid=32306ae9-82fa-45ae-b1cf-f2430ac430b2.MOBGXTYZZBUPYFEC.SEARCH&ppt=sp&ppn=sp&ssid=1xqzi1mpsw0000001729315003253&qH=f696c2fbb0b173a0,"Motorola Edge 50 Fusion (Hot Pink, 256 GB)",24999.0
https://www.flipkart.com/motorola-edge-50-pro-5g-125w-charger-caneel-bay-256-gb/p/itm1603f674e2178?pid=MOBH2YWHMKHAFHZF&lid=LSTMOBH2YWHMKHAFHZFUTQD0D&marketplace=FLIPKART&q=mobile+phones+&store=tyy%2F4io&srno=s_1_7&otracker=search&otracker1=search&fm=Search&iid=32306ae9-82fa-45ae-b1cf-f2430ac430b2.MOBH2YWHMKHAFHZF.SEARCH&ppt=sp&ppn=sp&ssid=1xqzi1mpsw0000001729315003253&qH=f696c2fbb0b173a0,"Motorola Edge 50 Pro 5G with 125W Charger (Caneel Bay, 256 GB)",35999.0
https://www.flipkart.com/motorola-edge-50-fusion-forest-green-128-gb/p/itm44a2f982e2d64?pid=MOBHYVFVK9NTTND2&lid=LSTMOBHYVFVK9NTTND2PP8RIV&marketplace=FLIPKART&q=mobile+phones+&store=tyy%2F4io&spotlightTagId=BestsellerId_tyy%2F4io&srno=s_1_8&otracker=search&otracker1=search&fm=Search&iid=32306ae9-82fa-45ae-b1cf-f2430ac430b2.MOBHYVFVK9NTTND2.SEARCH&ppt=sp&ppn=sp&ssid=1xqzi1mpsw0000001729315003253&qH=f696c2fbb0b173a0,"Motorola Edge 50 Fusion (Forest Green, 128 GB)",22999.0
https://www.flipkart.com/motorola-edge-50-fusion-forest-blue-128-gb/p/itm32aa01db0debf?pid=MOBGXTYZMJK85GFG&lid=LSTMOBGXTYZMJK85GFGDBLBYG&marketplace=FLIPKART&q=mobile+phones+&store=tyy%2F4io&srno=s_1_9&otracker=search&otracker1=search&fm=Search&iid=32306ae9-82fa-45ae-b1cf-f2430ac430b2.MOBGXTYZMJK85GFG.SEARCH&ppt=sp&ppn=sp&ssid=1xqzi1mpsw0000001729315003253&qH=f696c2fbb0b173a0,"Motorola Edge 50 Fusion (Forest Blue, 128 GB)",22999.0
https://www.flipkart.com/motorola-edge-50-fusion-hot-pink-128-gb/p/itmfee7de3c2e095?pid=MOBGXTYZCQSXJPC2&lid=LSTMOBGXTYZCQSXJPC2WFIGOL&marketplace=FLIPKART&q=mobile+phones+&store=tyy%2F4io&srno=s_1_10&otracker=search&otracker1=search&fm=Search&iid=32306ae9-82fa-45ae-b1cf-f2430ac430b2.MOBGXTYZCQSXJPC2.SEARCH&ppt=sp&ppn=sp&ssid=1xqzi1mpsw0000001729315003253&qH=f696c2fbb0b173a0,"Motorola Edge 50 Fusion (Hot Pink, 128 GB)",22999.0
https://www.flipkart.com/motorola-edge-50-neo-pantone-grisaille-256-gb/p/itm5b85defa76389?pid=MOBHFHDRVUDB3HFX&lid=LSTMOBHFHDRVUDB3HFXLMEVTW&marketplace=FLIPKART&q=mobile+phones+&store=tyy%2F4io&srno=s_1_11&otracker=search&otracker1=search&fm=Search&iid=32306ae9-82fa-45ae-b1cf-f2430ac430b2.MOBHFHDRVUDB3HFX.SEARCH&ppt=sp&ppn=sp&ssid=1xqzi1mpsw0000001729315003253&qH=f696c2fbb0b173a0,"Motorola Edge 50 Neo (PANTONE Grisaille, 256 GB)",25999.0
https://www.flipkart.com/motorola-edge-50-koala-grey-256-gb/p/itm31f5f025267eb?pid=MOBH2Q5YDBQAZEZ5&lid=LSTMOBH2Q5YDBQAZEZ5NJN25F&marketplace=FLIPKART&q=mobile+phones+&store=tyy%2F4io&srno=s_1_12&otracker=search&otracker1=search&fm=Search&iid=32306ae9-82fa-45ae-b1cf-f2430ac430b2.MOBH2Q5YDBQAZEZ5.SEARCH&ppt=sp&ppn=sp&ssid=1xqzi1mpsw0000001729315003253&qH=f696c2fbb0b173a0,"MOTOROLA Edge 50 (Koala Grey, 256 GB)",27999.0
https://www.flipkart.com/motorola-edge-50-jungle-green-256-gb/p/itm740d86a7c55d1?pid=MOBH2Q5Y5EVAGS6M&lid=LSTMOBH2Q5Y5EVAGS6M3AMJYD&marketplace=FLIPKART&q=mobile+phones+&store=tyy%2F4io&srno=s_1_13&otracker=search&otracker1=search&fm=Search&iid=32306ae9-82fa-45ae-b1cf-f2430ac430b2.MOBH2Q5Y5EVAGS6M.SEARCH&ppt=sp&ppn=sp&ssid=1xqzi1mpsw0000001729315003253&qH=f696c2fbb0b173a0,"MOTOROLA Edge 50 (Jungle Green, 256 GB)",27999.0
https://www.flipkart.com/motorola-edge-50-pro-5g-125w-charger-vanilla-cream-256-gb/p/itmcf93f5887df59?pid=MOBH2YWHUNBFDHPW&lid=LSTMOBH2YWHUNBFDHPWMRBJU3&marketplace=FLIPKART&q=mobile+phones+&store=tyy%2F4io&srno=s_1_14&otracker=search&otracker1=search&fm=Search&iid=32306ae9-82fa-45ae-b1cf-f2430ac430b2.MOBH2YWHUNBFDHPW.SEARCH&ppt=sp&ppn=sp&ssid=1xqzi1mpsw0000001729315003253&qH=f696c2fbb0b173a0,"Motorola Edge 50 Pro 5G with 125W Charger (Vanilla Cream, 256 GB)",35999.0
https://www.flipkart.com/motorola-edge-50-neo-pantone-latte-256-gb/p/itm4cecc0a4796eb?pid=MOBHFHDRRCYFE7YJ&lid=LSTMOBHFHDRRCYFE7YJOXS042&marketplace=FLIPKART&q=mobile+phones+&store=tyy%2F4io&srno=s_1_15&otracker=search&otracker1=search&fm=Search&iid=32306ae9-82fa-45ae-b1cf-f2430ac430b2.MOBHFHDRRCYFE7YJ.SEARCH&ppt=sp&ppn=sp&ssid=1xqzi1mpsw0000001729315003253&qH=f696c2fbb0b173a0,"Motorola Edge 50 Neo (PANTONE Latte, 256 GB)",25999.0
https://www.flipkart.com/motorola-edge-50-pro-5g-125w-charger-moonlight-pearl-256-gb/p/itm58844545548bd?pid=MOBGXFXYK3GVSARU&lid=LSTMOBGXFXYK3GVSARULH9LJF&marketplace=FLIPKART&q=mobile+phones+&store=tyy%2F4io&srno=s_1_16&otracker=search&otracker1=search&fm=Search&iid=32306ae9-82fa-45ae-b1cf-f2430ac430b2.MOBGXFXYK3GVSARU.SEARCH&ppt=sp&ppn=sp&ssid=1xqzi1mpsw0000001729315003253&qH=f696c2fbb0b173a0,"Motorola Edge 50 Pro 5G with 125W Charger (Moonlight Pearl, 256 GB)",35999.0
https://www.flipkart.com/motorola-edge-50-neo-pantone-nautical-blue-256-gb/p/itm94d3bb79258e9?pid=MOBHFHDRDDW9MKVG&lid=LSTMOBHFHDRDDW9MKVGZPCGUE&marketplace=FLIPKART&q=mobile+phones+&store=tyy%2F4io&srno=s_1_17&otracker=search&otracker1=search&fm=Search&iid=32306ae9-82fa-45ae-b1cf-f2430ac430b2.MOBHFHDRDDW9MKVG.SEARCH&ppt=sp&ppn=sp&ssid=1xqzi1mpsw0000001729315003253&qH=f696c2fbb0b173a0,"Motorola Edge 50 Neo (PANTONE Nautical Blue, 256 GB)",25999.0
https://www.flipkart.com/motorola-edge-50-neo-pantone-poinciana-256-gb/p/itm1b6c43661a1fc?pid=MOBHFHDRZJP6FHPZ&lid=LSTMOBHFHDRZJP6FHPZ0HNLSP&marketplace=FLIPKART&q=mobile+phones+&store=tyy%2F4io&srno=s_1_18&otracker=search&otracker1=search&fm=Search&iid=32306ae9-82fa-45ae-b1cf-f2430ac430b2.MOBHFHDRZJP6FHPZ.SEARCH&ppt=sp&ppn=sp&ssid=1xqzi1mpsw0000001729315003253&qH=f696c2fbb0b173a0,"Motorola Edge 50 Neo (PANTONE Poinciana, 256 GB)",25999.0
https://www.flipkart.com/motorola-edge-50-pro-5g-125w-charger-black-beauty-256-gb/p/itmf7f6e88ef68e8?pid=MOBGXFXYMH8CGDMM&lid=LSTMOBGXFXYMH8CGDMMTODP5W&marketplace=FLIPKART&q=mobile+phones+&store=tyy%2F4io&srno=s_1_19&otracker=search&otracker1=search&fm=Search&iid=32306ae9-82fa-45ae-b1cf-f2430ac430b2.MOBGXFXYMH8CGDMM.SEARCH&ppt=sp&ppn=sp&ssid=1xqzi1mpsw0000001729315003253&qH=f696c2fbb0b173a0,"Motorola Edge 50 Pro 5G with 125W Charger (Black Beauty, 256 GB)",35999.0
https://www.flipkart.com/motorola-edge-50-peach-fuzz-256-gb/p/itmbb9d98d3f286b?pid=MOBH2Q5YS97TYGFJ&lid=LSTMOBH2Q5YS97TYGFJQS8C5F&marketplace=FLIPKART&q=mobile+phones+&store=tyy%2F4io&srno=s_1_20&otracker=search&otracker1=search&fm=Search&iid=32306ae9-82fa-45ae-b1cf-f2430ac430b2.MOBH2Q5YS97TYGFJ.SEARCH&ppt=sp&ppn=sp&ssid=1xqzi1mpsw0000001729315003253&qH=f696c2fbb0b173a0,"MOTOROLA Edge 50 (Peach Fuzz, 256 GB)",27999.0
https://www.flipkart.com/vivo-t3-5g-crystal-flake-256-gb/p/itm69b3c5633378f?pid=MOBGYT3VT78XZHKS&lid=LSTMOBGYT3VT78XZHKSVC0OV2&marketplace=FLIPKART&q=mobile+phones+&store=tyy%2F4io&srno=s_1_1&otracker=search&otracker1=search&fm=Search&iid=93ce2134-3ff0-4397-a1ab-b0ef2b008a62.MOBGYT3VT78XZHKS.SEARCH&ppt=sp&ppn=sp&ssid=lj9np1n5r40000001729315031873&qH=f696c2fbb0b173a0,"vivo T3 5G (Crystal Flake, 256 GB)",20499.0
https://www.flipkart.com/vivo-t3-5g-cosmic-blue-256-gb/p/itm69b3c5633378f?pid=MOBGYT3VJDYMMFTZ&lid=LSTMOBGYT3VJDYMMFTZEKZWOL&marketplace=FLIPKART&q=mobile+phones+&store=tyy%2F4io&srno=s_1_2&otracker=search&otracker1=search&fm=Search&iid=93ce2134-3ff0-4397-a1ab-b0ef2b008a62.MOBGYT3VJDYMMFTZ.SEARCH&ppt=sp&ppn=sp&ssid=lj9np1n5r40000001729315031873&qH=f696c2fbb0b173a0,"vivo T3 5G (Cosmic Blue, 256 GB)",20499.0
https://www.flipkart.com/vivo-t3-pro-5g-sandstone-orange-256-gb/p/itmcf52c1fcffbf3?pid=MOBH3XHR46RHEMVH&lid=LSTMOBH3XHR46RHEMVHQKBFEZ&marketplace=FLIPKART&q=mobile+phones+&store=tyy%2F4io&srno=s_1_3&otracker=search&otracker1=search&fm=Search&iid=93ce2134-3ff0-4397-a1ab-b0ef2b008a62.MOBH3XHR46RHEMVH.SEARCH&ppt=sp&ppn=sp&ssid=lj9np1n5r40000001729315031873&qH=f696c2fbb0b173a0,"vivo T3 Pro 5G (Sandstone Orange, 256 GB)",26999.0
https://www.flipkart.com/vivo-t3-pro-5g-emerald-green-256-gb/p/itmcf52c1fcffbf3?pid=MOBH3XHRUQMKBEZX&lid=LSTMOBH3XHRUQMKBEZXUBLAII&marketplace=FLIPKART&q=mobile+phones+&store=tyy%2F4io&srno=s_1_4&otracker=search&otracker1=search&fm=Search&iid=93ce2134-3ff0-4397-a1ab-b0ef2b008a62.MOBH3XHRUQMKBEZX.SEARCH&ppt=sp&ppn=sp&ssid=lj9np1n5r40000001729315031873&qH=f696c2fbb0b173a0,"vivo T3 Pro 5G (Emerald Green, 256 GB)",26999.0
https://www.flipkart.com/vivo-t3-pro-5g-emerald-green-128-gb/p/itmcf52c1fcffbf3?pid=MOBH3XHRHBUB7Y7U&lid=LSTMOBH3XHRHBUB7Y7U1LMK2U&marketplace=FLIPKART&q=mobile+phones+&store=tyy%2F4io&srno=s_1_5&otracker=search&otracker1=search&fm=Search&iid=93ce2134-3ff0-4397-a1ab-b0ef2b008a62.MOBH3XHRHBUB7Y7U.SEARCH&ppt=sp&ppn=sp&ssid=lj9np1n5r40000001729315031873&qH=f696c2fbb0b173a0,"vivo T3 Pro 5G (Emerald Green, 128 GB)",24999.0
https://www.flipkart.com/vivo-t3-pro-5g-sandstone-orange-128-gb/p/itmcf52c1fcffbf3?pid=MOBH3XHRQD5Q3VRH&lid=LSTMOBH3XHRQD5Q3VRHXVLXBF&marketplace=FLIPKART&q=mobile+phones+&store=tyy%2F4io&srno=s_1_6&otracker=search&otracker1=search&fm=Search&iid=93ce2134-3ff0-4397-a1ab-b0ef2b008a62.MOBH3XHRQD5Q3VRH.SEARCH&ppt=sp&ppn=sp&ssid=lj9np1n5r40000001729315031873&qH=f696c2fbb0b173a0,"vivo T3 Pro 5G (Sandstone Orange, 128 GB)",24999.0
https://www.flipkart.com/vivo-t3-ultra-lunar-gray-256-gb/p/itme360ff5b7dbab?pid=MOBH4EADBHHPHJGZ&lid=LSTMOBH4EADBHHPHJGZACOAA5&marketplace=FLIPKART&q=mobile+phones+&store=tyy%2F4io&srno=s_1_7&otracker=search&otracker1=search&fm=Search&iid=93ce2134-3ff0-4397-a1ab-b0ef2b008a62.MOBH4EADBHHPHJGZ.SEARCH&ppt=sp&ppn=sp&ssid=lj9np1n5r40000001729315031873&qH=f696c2fbb0b173a0,"vivo T3 Ultra (Lunar Gray, 256 GB)",33999.0
https://www.flipkart.com/vivo-t3-ultra-frost-green-128-gb/p/itme360ff5b7dbab?pid=MOBH4EACPTFX6RNH&lid=LSTMOBH4EACPTFX6RNHWNMW9H&marketplace=FLIPKART&q=mobile+phones+&store=tyy%2F4io&srno=s_1_8&otracker=search&otracker1=search&fm=Search&iid=93ce2134-3ff0-4397-a1ab-b0ef2b008a62.MOBH4EACPTFX6RNH.SEARCH&ppt=sp&ppn=sp&ssid=lj9np1n5r40000001729315031873&qH=f696c2fbb0b173a0,"vivo T3 Ultra (Frost Green, 128 GB)",31999.0
https://www.flipkart.com/vivo-t3-ultra-frost-green-256-gb/p/itme360ff5b7dbab?pid=MOBH4EACZ7SACMMM&lid=LSTMOBH4EACZ7SACMMMMVZG93&marketplace=FLIPKART&q=mobile+phones+&store=tyy%2F4io&srno=s_1_9&otracker=search&otracker1=search&fm=Search&iid=93ce2134-3ff0-4397-a1ab-b0ef2b008a62.MOBH4EACZ7SACMMM.SEARCH&ppt=sp&ppn=sp&ssid=lj9np1n5r40000001729315031873&qH=f696c2fbb0b173a0,"vivo T3 Ultra (Frost Green, 256 GB)",33999.0
https://www.flipkart.com/vivo-t3-ultra-lunar-gray-128-gb/p/itme360ff5b7dbab?pid=MOBH4EADEDFW9BBK&lid=LSTMOBH4EADEDFW9BBK9ITVTG&marketplace=FLIPKART&q=mobile+phones+&store=tyy%2F4io&srno=s_1_10&otracker=search&otracker1=search&fm=Search&iid=93ce2134-3ff0-4397-a1ab-b0ef2b008a62.MOBH4EADEDFW9BBK.SEARCH&ppt=sp&ppn=sp&ssid=lj9np1n5r40000001729315031873&qH=f696c2fbb0b173a0,"vivo T3 Ultra (Lunar Gray, 128 GB)",31999.0
https://www.flipkart.com/vivo-t3-ultra-lunar-gray-256-gb/p/itme360ff5b7dbab?pid=MOBH4EADRB8SXRWF&lid=LSTMOBH4EADRB8SXRWFUEP7F9&marketplace=FLIPKART&q=mobile+phones+&store=tyy%2F4io&srno=s_1_11&otracker=search&otracker1=search&fm=Search&iid=93ce2134-3ff0-4397-a1ab-b0ef2b008a62.MOBH4EADRB8SXRWF.SEARCH&ppt=sp&ppn=sp&ssid=lj9np1n5r40000001729315031873&qH=f696c2fbb0b173a0,"vivo T3 Ultra (Lunar Gray, 256 GB)",35999.0
https://www.flipkart.com/vivo-t3-ultra-frost-green-256-gb/p/itme360ff5b7dbab?pid=MOBH4EACZKRYXR4E&lid=LSTMOBH4EACZKRYXR4EZLDLEC&marketplace=FLIPKART&q=mobile+phones+&store=tyy%2F4io&srno=s_1_12&otracker=search&otracker1=search&fm=Search&iid=93ce2134-3ff0-4397-a1ab-b0ef2b008a62.MOBH4EACZKRYXR4E.SEARCH&ppt=sp&ppn=sp&ssid=lj9np1n5r40000001729315031873&qH=f696c2fbb0b173a0,"vivo T3 Ultra (Frost Green, 256 GB)",35999.0
https://www.flipkart.com/vivo-v40e-5g-mint-green-256-gb/p/itm710974d0d3986?pid=MOBH4K7QPDGTADDZ&lid=LSTMOBH4K7QPDGTADDZKZDEBW&marketplace=FLIPKART&q=mobile+phones+&store=tyy%2F4io&srno=s_1_13&otracker=search&otracker1=search&fm=Search&iid=93ce2134-3ff0-4397-a1ab-b0ef2b008a62.MOBH4K7QPDGTADDZ.SEARCH&ppt=sp&ppn=sp&ssid=lj9np1n5r40000001729315031873&qH=f696c2fbb0b173a0,"vivo V40e 5G (Mint Green, 256 GB)",30999.0
https://www.flipkart.com/vivo-v40e-5g-royal-bronze-256-gb/p/itm710974d0d3986?pid=MOBH4K7QB5XUH4Q2&lid=LSTMOBH4K7QB5XUH4Q2GVXDAN&marketplace=FLIPKART&q=mobile+phones+&store=tyy%2F4io&srno=s_1_14&otracker=search&otracker1=search&fm=Search&iid=93ce2134-3ff0-4397-a1ab-b0ef2b008a62.MOBH4K7QB5XUH4Q2.SEARCH&ppt=sp&ppn=sp&ssid=lj9np1n5r40000001729315031873&qH=f696c2fbb0b173a0,"vivo V40e 5G (Royal Bronze, 256 GB)",30999.0
https://www.flipkart.com/vivo-v40e-5g-royal-bronze-128-gb/p/itm710974d0d3986?pid=MOBH4K7QHCVHRHAH&lid=LSTMOBH4K7QHCVHRHAHDJJKTD&marketplace=FLIPKART&q=mobile+phones+&store=tyy%2F4io&srno=s_1_15&otracker=search&otracker1=search&fm=Search&iid=93ce2134-3ff0-4397-a1ab-b0ef2b008a62.MOBH4K7QHCVHRHAH.SEARCH&ppt=sp&ppn=sp&ssid=lj9np1n5r40000001729315031873&qH=f696c2fbb0b173a0,"vivo V40e 5G (Royal Bronze, 128 GB)",28999.0
https://www.flipkart.com/vivo-v40e-5g-mint-green-128-gb/p/itm710974d0d3986?pid=MOBH4K7QTGYZUX6E&lid=LSTMOBH4K7QTGYZUX6EVCTYSE&marketplace=FLIPKART&q=mobile+phones+&store=tyy%2F4io&srno=s_1_17&otracker=search&otracker1=search&fm=Search&iid=93ce2134-3ff0-4397-a1ab-b0ef2b008a62.MOBH4K7QTGYZUX6E.SEARCH&ppt=sp&ppn=sp&ssid=lj9np1n5r40000001729315031873&qH=f696c2fbb0b173a0,"vivo V40e 5G (Mint Green, 128 GB)",28999.0
https://www.flipkart.com/vivo-v30-pro-5g-classic-black-256-gb/p/itmd7b7a1700c431?pid=MOBGYGCBEM4PVYYM&lid=LSTMOBGYGCBEM4PVYYMM3TTW6&marketplace=FLIPKART&q=mobile+phones+&store=tyy%2F4io&srno=s_1_18&otracker=search&otracker1=search&fm=Search&iid=93ce2134-3ff0-4397-a1ab-b0ef2b008a62.MOBGYGCBEM4PVYYM.SEARCH&ppt=sp&ppn=sp&ssid=lj9np1n5r40000001729315031873&qH=f696c2fbb0b173a0,"vivo V30 Pro 5G (Classic Black, 256 GB)",38999.0
https://www.flipkart.com/vivo-t2-pro-5g-new-moon-black-256-gb/p/itm1230688cdef18?pid=MOBGT4RZMZFEWDY7&lid=LSTMOBGT4RZMZFEWDY7VBNVSK&marketplace=FLIPKART&q=mobile+phones+&store=tyy%2F4io&srno=s_1_20&otracker=search&otracker1=search&fm=Search&iid=93ce2134-3ff0-4397-a1ab-b0ef2b008a62.MOBGT4RZMZFEWDY7.SEARCH&ppt=sp&ppn=sp&ssid=lj9np1n5r40000001729315031873&qH=f696c2fbb0b173a0,"vivo T2 Pro 5G (New Moon Black, 256 GB)",23999.0
https://www.flipkart.com/oppo-reno-12-pro-5g-manish-malhotra-limited-edition-256-gb/p/itmed01efe011f83?pid=MOBH4GGZGTN6G6PG&lid=LSTMOBH4GGZGTN6G6PGV3NA6H&marketplace=FLIPKART&q=mobile+phones+&store=tyy%2F4io&srno=s_1_1&otracker=search&otracker1=search&fm=Search&iid=4f5bb03e-1b64-47c7-8aeb-19ffcdb8909e.MOBH4GGZGTN6G6PG.SEARCH&ppt=sp&ppn=sp&ssid=pm2fj3p80w0000001729315061275&qH=f696c2fbb0b173a0,"OPPO Reno 12 Pro 5G (Manish Malhotra Limited Edition, 256 GB)",36999.0
https://www.flipkart.com/oppo-f27-5g-amber-orange-256-gb/p/itm28a1475349dae?pid=MOBH3HVTFQZMASHQ&lid=LSTMOBH3HVTFQZMASHQMI0XMD&marketplace=FLIPKART&q=mobile+phones+&store=tyy%2F4io&srno=s_1_3&otracker=search&otracker1=search&fm=Search&iid=4f5bb03e-1b64-47c7-8aeb-19ffcdb8909e.MOBH3HVTFQZMASHQ.SEARCH&ppt=sp&ppn=sp&ssid=pm2fj3p80w0000001729315061275&qH=f696c2fbb0b173a0,"OPPO F27 5G (Amber Orange, 256 GB)",22999.0
https://www.flipkart.com/oppo-f25-pro-5g-ocean-blue-256-gb/p/itm9451b9c477991?pid=MOBGXX3V666RMFVU&lid=LSTMOBGXX3V666RMFVUEEDWBP&marketplace=FLIPKART&q=mobile+phones+&store=tyy%2F4io&srno=s_1_4&otracker=search&otracker1=search&fm=Search&iid=4f5bb03e-1b64-47c7-8aeb-19ffcdb8909e.MOBGXX3V666RMFVU.SEARCH&ppt=sp&ppn=sp&ssid=pm2fj3p80w0000001729315061275&qH=f696c2fbb0b173a0,"OPPO F25 Pro 5G (Ocean Blue, 256 GB)",25999.0
https://www.flipkart.com/oppo-reno-12-pro-5g-space-brown-256-gb/p/itmed01efe011f83?pid=MOBH2AHZUEWJYZTZ&lid=LSTMOBH2AHZUEWJYZTZ0OMMYH&marketplace=FLIPKART&q=mobile+phones+&store=tyy%2F4io&srno=s_1_5&otracker=search&otracker1=search&fm=Search&iid=4f5bb03e-1b64-47c7-8aeb-19ffcdb8909e.MOBH2AHZUEWJYZTZ.SEARCH&ppt=sp&ppn=sp&ssid=pm2fj3p80w0000001729315061275&qH=f696c2fbb0b173a0,"OPPO Reno 12 Pro 5G (Space Brown, 256 GB)",36999.0
https://www.flipkart.com/oppo-reno-12-pro-5g-sunset-gold-256-gb/p/itmed01efe011f83?pid=MOBH2AHZWGRHRJYD&lid=LSTMOBH2AHZWGRHRJYD3XCU2V&marketplace=FLIPKART&q=mobile+phones+&store=tyy%2F4io&srno=s_1_6&otracker=search&otracker1=search&fm=Search&iid=4f5bb03e-1b64-47c7-8aeb-19ffcdb8909e.MOBH2AHZWGRHRJYD.SEARCH&ppt=sp&ppn=sp&ssid=pm2fj3p80w0000001729315061275&qH=f696c2fbb0b173a0,"OPPO Reno 12 Pro 5G (Sunset Gold, 256 GB)",36999.0
https://www.flipkart.com/oppo-f25-pro-5g-lava-red-256-gb/p/itm9451b9c477991?pid=MOBGXX3VYQKB9CAF&lid=LSTMOBGXX3VYQKB9CAFQDZVFB&marketplace=FLIPKART&q=mobile+phones+&store=tyy%2F4io&srno=s_1_7&otracker=search&otracker1=search&fm=Search&iid=4f5bb03e-1b64-47c7-8aeb-19ffcdb8909e.MOBGXX3VYQKB9CAF.SEARCH&ppt=sp&ppn=sp&ssid=pm2fj3p80w0000001729315061275&qH=f696c2fbb0b173a0,"OPPO F25 Pro 5G (Lava Red, 256 GB)",25999.0
https://www.flipkart.com/oppo-reno-12-5g-astro-silver-256-gb/p/itmaa6baddef2662?pid=MOBH2AHZVW2YGJFZ&lid=LSTMOBH2AHZVW2YGJFZJKK2GJ&marketplace=FLIPKART&q=mobile+phones+&store=tyy%2F4io&srno=s_1_8&otracker=search&otracker1=search&fm=Search&iid=4f5bb03e-1b64-47c7-8aeb-19ffcdb8909e.MOBH2AHZVW2YGJFZ.SEARCH&ppt=sp&ppn=sp&ssid=pm2fj3p80w0000001729315061275&qH=f696c2fbb0b173a0,"OPPO Reno 12 5G (Astro Silver, 256 GB)",32999.0
https://www.flipkart.com/oppo-f27-pro-dusk-pink-128-gb/p/itm5235c3c836cc9?pid=MOBHF3DJ3JGU7T7P&lid=LSTMOBHF3DJ3JGU7T7PHYX4RI&marketplace=FLIPKART&q=mobile+phones+&store=tyy%2F4io&srno=s_1_9&otracker=search&otracker1=search&fm=Search&iid=4f5bb03e-1b64-47c7-8aeb-19ffcdb8909e.MOBHF3DJ3JGU7T7P.SEARCH&ppt=sp&ppn=sp&ssid=pm2fj3p80w0000001729315061275&qH=f696c2fbb0b173a0,"OPPO F27 Pro+ (Dusk Pink, 128 GB)",27999.0
https://www.flipkart.com/oppo-f27-pro-midnight-navy-128-gb/p/itm5235c3c836cc9?pid=MOBHF3DJM6Y8N4BA&lid=LSTMOBHF3DJM6Y8N4BADOQW8U&marketplace=FLIPKART&q=mobile+phones+&store=tyy%2F4io&srno=s_1_11&otracker=search&otracker1=search&fm=Search&iid=4f5bb03e-1b64-47c7-8aeb-19ffcdb8909e.MOBHF3DJM6Y8N4BA.SEARCH&ppt=sp&ppn=sp&ssid=pm2fj3p80w0000001729315061275&qH=f696c2fbb0b173a0,"OPPO F27 Pro+ (Midnight Navy, 128 GB)",27999.0
https://www.flipkart.com/oppo-reno-12-5g-matte-brown-256-gb/p/itmaa6baddef2662?pid=MOBH2AHZGJBSPDGA&lid=LSTMOBH2AHZGJBSPDGAQW2GCX&marketplace=FLIPKART&q=mobile+phones+&store=tyy%2F4io&srno=s_1_12&otracker=search&otracker1=search&fm=Search&iid=4f5bb03e-1b64-47c7-8aeb-19ffcdb8909e.MOBH2AHZGJBSPDGA.SEARCH&ppt=sp&ppn=sp&ssid=pm2fj3p80w0000001729315061275&qH=f696c2fbb0b173a0,"OPPO Reno 12 5G (Matte Brown, 256 GB)",32999.0
https://www.flipkart.com/oppo-reno-12-5g-sunset-peach-256-gb/p/itmaa6baddef2662?pid=MOBH2AHZSYDG7VF8&lid=LSTMOBH2AHZSYDG7VF8E0U8XC&marketplace=FLIPKART&q=mobile+phones+&store=tyy%2F4io&srno=s_1_13&otracker=search&otracker1=search&fm=Search&iid=4f5bb03e-1b64-47c7-8aeb-19ffcdb8909e.MOBH2AHZSYDG7VF8.SEARCH&ppt=sp&ppn=sp&ssid=pm2fj3p80w0000001729315061275&qH=f696c2fbb0b173a0,"OPPO Reno 12 5G (Sunset Peach, 256 GB)",32999.0
https://www.flipkart.com/oppo-f27-5g-emerald-green-128-gb/p/itm28a1475349dae?pid=MOBH3HVTZQVGYHG3&lid=LSTMOBH3HVTZQVGYHG3O8L5KV&marketplace=FLIPKART&q=mobile+phones+&store=tyy%2F4io&srno=s_1_14&otracker=search&otracker1=search&fm=Search&iid=4f5bb03e-1b64-47c7-8aeb-19ffcdb8909e.MOBH3HVTZQVGYHG3.SEARCH&ppt=sp&ppn=sp&ssid=pm2fj3p80w0000001729315061275&qH=f696c2fbb0b173a0,"OPPO F27 5G (Emerald Green, 128 GB)",20999.0
https://www.flipkart.com/oppo-f27-pro-dusk-pink-256-gb/p/itm5235c3c836cc9?pid=MOBHF3DJ8CREZW7M&lid=LSTMOBHF3DJ8CREZW7MGWIS9Y&marketplace=FLIPKART&q=mobile+phones+&store=tyy%2F4io&srno=s_1_15&otracker=search&otracker1=search&fm=Search&iid=4f5bb03e-1b64-47c7-8aeb-19ffcdb8909e.MOBHF3DJ8CREZW7M.SEARCH&ppt=sp&ppn=sp&ssid=pm2fj3p80w0000001729315061275&qH=f696c2fbb0b173a0,"OPPO F27 Pro+ (Dusk Pink, 256 GB)",29999.0
https://www.flipkart.com/oppo-f27-pro-midnight-navy-256-gb/p/itm5235c3c836cc9?pid=MOBHF3DJJHWN5VPP&lid=LSTMOBHF3DJJHWN5VPPVIIOWO&marketplace=FLIPKART&q=mobile+phones+&store=tyy%2F4io&srno=s_1_16&otracker=search&otracker1=search&fm=Search&iid=4f5bb03e-1b64-47c7-8aeb-19ffcdb8909e.MOBHF3DJJHWN5VPP.SEARCH&ppt=sp&ppn=sp&ssid=pm2fj3p80w0000001729315061275&qH=f696c2fbb0b173a0,"OPPO F27 Pro+ (Midnight Navy, 256 GB)",29999.0
https://www.flipkart.com/oppo-f27-5g-amber-orange-128-gb/p/itm28a1475349dae?pid=MOBH3HVTZET6K3UJ&lid=LSTMOBH3HVTZET6K3UJZLLYJO&marketplace=FLIPKART&q=mobile+phones+&store=tyy%2F4io&srno=s_1_17&otracker=search&otracker1=search&fm=Search&iid=4f5bb03e-1b64-47c7-8aeb-19ffcdb8909e.MOBH3HVTZET6K3UJ.SEARCH&ppt=sp&ppn=sp&ssid=pm2fj3p80w0000001729315061275&qH=f696c2fbb0b173a0,"OPPO F27 5G (Amber Orange, 128 GB)",20999.0
https://www.flipkart.com/oppo-reno10-pro-5g-silvery-grey-256-gb/p/itm7fc37fb654ef8?pid=MOBGQP3UUZE5CEYZ&lid=LSTMOBGQP3UUZE5CEYZVABO05&marketplace=FLIPKART&q=mobile+phones+&store=tyy%2F4io&srno=s_1_18&otracker=search&otracker1=search&fm=Search&iid=4f5bb03e-1b64-47c7-8aeb-19ffcdb8909e.MOBGQP3UUZE5CEYZ.SEARCH&ppt=sp&ppn=sp&ssid=pm2fj3p80w0000001729315061275&qH=f696c2fbb0b173a0,"OPPO Reno10 Pro 5G (Silvery Grey, 256 GB)",37999.0
https://www.flipkart.com/oppo-reno11-pro-5g-pearl-white-256-gb/p/itm41ee989232c22?pid=MOBGWU4CKMHF7HXK&lid=LSTMOBGWU4CKMHF7HXKR72WTX&marketplace=FLIPKART&q=mobile+phones+&store=tyy%2F4io&srno=s_1_19&otracker=search&otracker1=search&fm=Search&iid=4f5bb03e-1b64-47c7-8aeb-19ffcdb8909e.MOBGWU4CKMHF7HXK.SEARCH&ppt=sp&ppn=sp&ssid=pm2fj3p80w0000001729315061275&qH=f696c2fbb0b173a0,"OPPO Reno11 Pro 5G (Pearl White, 256 GB)",37999.0
https://www.flipkart.com/oppo-reno11-pro-5g-rock-grey-256-gb/p/itm41ee989232c22?pid=MOBGWU4CKWXGZFWC&lid=LSTMOBGWU4CKWXGZFWCSD9X5W&marketplace=FLIPKART&q=mobile+phones+&store=tyy%2F4io&srno=s_1_20&otracker=search&otracker1=search&fm=Search&iid=4f5bb03e-1b64-47c7-8aeb-19ffcdb8909e.MOBGWU4CKWXGZFWC.SEARCH&ppt=sp&ppn=sp&ssid=pm2fj3p80w0000001729315061275&qH=f696c2fbb0b173a0,"OPPO Reno11 Pro 5G (Rock Grey, 256 GB)",37999.0
